country,location,name,nameWoDiacritics,subdivision,status,function,iata,lat,lon,geocoded
ID,ADB,Adang Bay,Adang Bay,,RQ,1-------,,5.3825,95.8775,true
ID,AEG,Aekgodang,Aekgodang,SB,RL,---4----,,0.8,99.56666666666666,
ID,AKE,Akeselaka,Akeselaka,MA,RQ,1-------,,1.05,127.96666666666667,
ID,ARD,Alor Island,Alor Island,,AI,---4----,,,,
ID,AHI,Amahai,Amahai,,AI,---4----,,-3.3081717,129.0010636,true
ID,AMA,"Amamapare, Ij","Amamapare, Ij",,RQ,1-------,,-4.8272821,136.8412555,true
ID,AMQ,"Ambon, Molucas","Ambon, Molucas",,QQ,1-------,,1.6718,125.0629,true
ID,APN,Ampana,Ampana,ST,RQ,1-------,,-0.8666666666666667,121.58333333333333,
ID,AMP,"Ampenan, Bali","Ampenan, Bali",,QQ,1-------,,-8.510403,116.119995,true
ID,TZD,Amurang,Amurang,SA,RL,1----6--,,1.1666666666666667,-124.56666666666666,
ID,ANC,Ancol,Ancol,JK,RL,--3-----,,-6.116666666666666,106.85,
ID,ANG,Angar,Angar,MA,RQ,1-------,,-3.65,130.83333333333334,
ID,AGD,Anggi,Anggi,,RQ,---4----,,-1.3833333333333333,133.86666666666667,
ID,AGR,Anggrek,Anggrek,SA,RL,1-3-----,,0.85,122.78333333333333,
ID,ANK,Angke,Angke,JK,RL,--3-----,,-6.133333333333334,106.78333333333333,
ID,ANO,Anoa Natuna Pt.,Anoa Natuna Pt.,,RL,1-------,,5.233333333333333,105.6,
ID,ANR,Anyer Kidul,Anyer Kidul,JB,RL,123-----,,-6.066666666666666,105.88333333333334,
ID,AAS,Apalapsili,Apalapsili,,RQ,---4----,,-3.9166666666666665,139.25,
ID,API,Api Api,Api Api,,RQ,0-------,,1.5045548,101.9402067,true
ID,AJS,Arjasa,Arjasa,JI,RL,--3-----,,-6.85,115.26666666666667,
ID,AJN,"Arjuna, Java","Arjuna, Java",,QQ,1-------,,-6.9088285,107.5916097,true
ID,ARB,Aroe Bay,Aroe Bay,,RQ,1-------,,-2.125605,133.547927,true
ID,ARJ,Arso,Arso,PA,RQ,---4----,,-2.9,140.75,
ID,AUN,Arun,Arun,,RQ,1-------,,5.2192142,97.08351153506266,true
ID,IAM,Asam Asam,Asam Asam,KS,RL,-----6--,,-3.9,115.1,
ID,ASI,Asike,Asike,PA,RQ,1-------,,-6.65,140.41666666666666,
ID,ABU,Atambua,Atambua,,RQ,--3-----,,-9.1059581,124.888064,true
ID,AYW,Ayawasi,Ayawasi,,RQ,---4----,,-1.2,132.5,
ID,BAD,Badau,Badau,SS,RL,--3-----,,-2.8333333333333335,107.8,
ID,BXD,Bade,Bade,,AI,---4----,,-7.17731575,139.58279219062615,true
ID,BGD,Bagendang,Bagendang,KT,AM,1-------,,-2.7333333333333334,112.55,
ID,BAH,Bahudopi,Bahudopi,ST,RL,--3-----,,-2.783333333333333,122.1,
ID,BJW,Bajawa,Bajawa,,AI,---4----,,-8.7873513,120.9733305,true
ID,BPN,Balikpapan,Balikpapan,KI,AI,1--4----,,-1.2833333333333332,116.83333333333333,
ID,BLH,Balohan,Balohan,AC,RL,1-------,,5.816666666666666,95.33333333333333,
ID,BAL,Balongan,Balongan,,RQ,1-------,,-6.383333333333334,108.4,
ID,NAF,Banaina,Banaina,,AI,---4----,,,,
ID,BTJ,Banda Aceh,Banda Aceh,,AI,---4----,,5.5528455,95.3192908,true
ID,NDA,Bandanaira,Bandanaira,MA,RL,--34----,,-4.533333333333333,129.9,
ID,TKG,Bandar Lampung,Bandar Lampung,,AI,---4----,,-5.4460713,105.2643742,true
ID,BDG,Bandengan,Bandengan,JI,RL,--3-----,,-6.916666666666667,110.2,
ID,BDO,"Bandung, Java","Bandung, Java",,AI,---45---,,-6.8995168499999995,107.57604750542606,true
ID,BGG,Banggai,Banggai,,QQ,1-------,,-1.588821,123.5008494,true
ID,5AN,Bangkalan,Bangkalan,JI,RL,--3-----,,-7.016666666666667,112.73333333333333,
ID,BJN,Banjaran,Banjaran,JT,RQ,-----6--,,-7.2,108.78333333333333,
ID,BJB,Banjarbaru,Banjarbaru,KS,RL,--3-----,,-3.4166666666666665,114.83333333333333,
ID,BDJ,Banjarmasin,Banjarmasin,,AI,1--4----,,-3.3187496,114.5925828,true
ID,BAJ,Banjarnegara,Banjarnegara,JT,RL,--3-----,,-7.383333333333334,109.68333333333334,
ID,BJU,"Banjuwangi, Java","Banjuwangi, Java",,QQ,1-------,,,,
ID,BTN,Banten,Banten,,RL,1-------,,-6.040827,106.1599611,true
ID,BTL,Bantul,Bantul,KI,RL,-----6--,,4.15,116.81666666666666,
ID,IBL,Bantul,Bantul,YO,RL,-----6--,,-7.9,110.33333333333333,
ID,BAY,Banyumas,Banyumas,JT,RL,--3-----,,-7.516666666666667,109.28333333333333,
ID,BNI,Banyuwangi,Banyuwangi,JI,RL,-23-----,,-8.2,114.35,
ID,BA2,Baralaja,Baralaja,JB,RL,--3-----,,-6.183333333333334,106.45,
ID,BTH,Batam (ex Batu Besar),Batam (ex Batu Besar),,AI,---4----,,1.06668,103.988912,true
ID,BTM,Batam Island,Batam Island,KR,RL,1-3-----,,1.0833333333333333,104.03333333333333,
ID,BTG,Batang,Batang,JT,RL,-----6--,,-6.916666666666667,109.75,
ID,5TU,Batu,Batu,JI,RL,--3-----,,-7.866666666666667,112.51666666666667,
ID,BUR,Batu Ampar,Batu Ampar,KR,RL,1-3-----,,1.1666666666666667,104.01666666666667,
ID,BAK,Batu Kilat,Batu Kilat,,RQ,1-------,,-7.86429,112.523565,true
ID,BAM,Batuampar,Batuampar,RI,RL,1-3-----,,-0.9666666666666667,102.73333333333333,
ID,5BT,Batubantar,Batubantar,JB,RL,--3-----,,-6.35,106.03333333333333,
ID,BTW,Batulicin,Batulicin,KS,AI,1-34----,,-3.45,115.98333333333333,
ID,BUW,"Baubau, Butung","Baubau, Butung",,QQ,---4----,,-3.6745,120.4047,true
ID,5BA,Bayah,Bayah,JB,RL,--3-----,,-6.916666666666667,106.25,
ID,BYH,Bayah,Bayah,JB,RL,--3-----,,-6.916666666666667,106.25,
ID,BEK,Bekapai Terminal,Bekapai Terminal,,RQ,1-------,,,,
ID,BKA,Bekasi,Bekasi,,RQ,--3-----,,-6.2349858,106.9945444,true
ID,BES,Bekasi Timur,Bekasi Timur,JB,RL,--3-----,,-6.233333333333333,106.98333333333333,
ID,BNT,Belanak Terminal,Belanak Terminal,RI,RQ,1-------,,4.166666666666667,106.23333333333333,
ID,BLW,"Belawan, Sumatra","Belawan, Sumatra",,QQ,1-------,,-0.5791924,114.4500022,true
ID,BET,Belida Terminal,Belida Terminal,RI,RQ,1-------,,4.133333333333334,105.13333333333334,
ID,BLV,Beliling,Beliling,,QQ,1-------,,,,
ID,BLT,Belitung,Belitung,SS,RL,1-------,,-2.8333333333333335,107.91666666666667,
ID,NBR,Bener Meriah,Bener Meriah,AC,RL,--3-----,,4.75,97,
ID,BEN,Benete,Benete,NB,RL,1-------,,-8.866666666666667,116.71666666666667,
ID,BKI,"Bengkalis, St","Bengkalis, St",,RQ,0-------,,1.4773227,102.110402,true
ID,BKY,Bengkayang,Bengkayang,KB,RL,--3-----,,-0.8333333333333334,109.48333333333333,
ID,BKS,"Bengkulu, Sumatra","Bengkulu, Sumatra",,AI,1--4----,,-3.8623723,102.33768944822845,true
ID,BOA,Benoa,Benoa,BA,RL,1-------,,-8.766666666666667,115.21666666666667,
ID,BNW,Benowo,Benowo,JI,RL,--3-----,,-7.233333333333333,112.6,
ID,BEJ,Berau,Berau,,AI,---4----,,-2.1797503,103.7375618,true
ID,BTO,Betro,Betro,JT,RL,--3-----,,-7.383333333333334,112.75,
ID,BIK,"Biak, Irian Jaya","Biak, Irian Jaya",,AI,1--4----,,-3.3831452,119.8375665,true
ID,BMT,"Bima Terminal, Jv","Bima Terminal, Jv",,RQ,1-------,,-6.90889,107.59417,true
ID,BMU,"Bima, Sb","Bima, Sb",,AI,1--4----,,-8.4534091,118.727689,true
ID,BJI,Binjai,Binjai,SU,RL,--3-----,,3.6,98.5,
ID,NTI,Bintuni,Bintuni,,AI,---4----,,-2.10272835,133.51571962579666,true
ID,BIR,Biringkassi,Biringkassi,,RQ,1-------,,-4.816666666666666,119.48333333333333,
ID,BIT,"Bitung, Sulawesi","Bitung, Sulawesi",,QQ,1-------,,1.44344,125.1940836,true
ID,BLL,"Blang Lancang, St","Blang Lancang, St",,RQ,1-------,,5.2113721,96.4773498,true
ID,BLI,"Blinju, Banka","Blinju, Banka",,RQ,1-------,,,,
ID,BTR,Blitar,Blitar,JI,RL,--3-----,,-8.1,112.15,
ID,BLO,Blora,Blora,JT,RL,--3-----,,-6.95,111.41666666666667,
ID,BOG,Bogor,Bogor,JB,RL,--3-----,,-6.583333333333333,106.78333333333333,
ID,BOJ,Bojonegoro,Bojonegoro,JI,RQ,--3-----,,-7.15,111.86666666666666,
ID,BUI,Bokondini,Bokondini,,AI,---4----,,-3.68453605,138.6774512589587,true
ID,BJG,Bolaang,Bolaang,,AI,---4----,,0.9411,124.1556,true
ID,5BO,Bondowoso,Bondowoso,JI,RL,--3-----,,-7.916666666666667,113.81666666666666,
ID,BNG,Bonggala,Bonggala,,RQ,1-------,,,,
ID,BXT,"Bontang, Kl","Bontang, Kl",,RQ,1--4----,,0.12146635,117.47648257411808,true
ID,BOY,Boyolali,Boyolali,JT,RL,--3-----,,-7.533333333333333,110.58333333333333,
ID,BRE,Brebes,Brebes,JT,RL,--3-----,,6.883333333333333,109.5,
ID,BRB,Brumbung,Brumbung,JT,RQ,--3-----,,-7,110.51666666666667,
ID,BUN,Buatan,Buatan,,RQ,0-------,,0.8275,120.3548,true
ID,BDN,Buduran,Buduran,JT,RL,--3-----,,-7.416666666666667,112.71666666666667,
ID,BUK,Bukittinggi,Bukittinggi,SB,RL,--3--6--,,-0.31666666666666665,100.36666666666666,
ID,BUA,Bula,Bula,,RQ,1-------,,-3.105332,130.4886371,true
ID,BUG,"Buleleng, Bali","Buleleng, Bali",,RQ,1-------,,-3.015,122.2249,true
ID,BUT,Bunati,Bunati,KS,RL,--3-----,,-3.75,115.61666666666666,
ID,BTK,Buntok,Buntok,KT,RL,-2------,,-1.7,114.8,
ID,BYQ,Bunyu,Bunyu,KI,RL,1-------,,3.5,117.8,
ID,UOL,Buol,Buol,,AI,---4----,,1.1586619,121.4361959,true
ID,CAK,Cakung,Cakung,JK,RL,--3-----,,-6.216666666666667,106.93333333333334,
ID,CLG,Calang,Calang,,RQ,--3-----,,4.633333333333333,95.58333333333333,
ID,CND,Candi,Candi,JT,RL,--3-----,,-7.4,112.61666666666666,
ID,CSA,Cape Sago,Cape Sago,,RQ,1-------,,0.5304,101.4392,true
ID,CAW,Cawang,Cawang,JK,RL,--3-----,,-6.183333333333334,106.86666666666666,
ID,CGR,Ceger,Ceger,JK,RL,--3-----,,-6.3,106.88333333333334,
ID,CEB,"Celukan Bawang, Bl","Celukan Bawang, Bl",,RQ,1-------,,-8.206053,114.834595,true
ID,CEN,Cengkareng,Cengkareng,JK,RL,--3---7-,,-6.15,106.71666666666667,
ID,ICU,Cepu,Cepu,JT,RL,-----6--,,-7.15,111.58333333333333,
ID,CER,Cereweh,Cereweh,NB,RQ,1-------,,-8.816666666666666,116.81666666666666,
ID,5CI,Ciamis,Ciamis,JB,RL,--3-----,,-7.333333333333333,108.35,
ID,CIJ,Cianjur,Cianjur,JB,RL,--3-----,,-6.816666666666666,107.13333333333334,
ID,CIA,Ciawi,Ciawi,JB,RL,--3-----,,-6.15,106.83333333333333,
ID,CBD,Cibadak,Cibadak,JB,RL,--3-----,,-6.883333333333333,106.76666666666667,
ID,CIB,Cibinong,Cibinong,JB,RQ,--3-----,,-6.383333333333334,106.68333333333334,
ID,CBT,Cibitung,Cibitung,JB,RQ,--3-----,,-6.316666666666666,106.98333333333333,
ID,CID,Cibubur,Cibubur,JB,RL,--3-----,,-6.333333333333333,106.86666666666666,
ID,CDS,Cicadas,Cicadas,JB,RL,--3-----,,-6.433333333333334,106.91666666666667,
ID,CIG,Cigading,Cigading,BT,RL,--3-----,,-6.016666666666667,105.96666666666667,
ID,CGJ,Ciganjur,Ciganjur,JB,RL,--3-----,,-6.183333333333334,106.88333333333334,
ID,CJT,Cijantung,Cijantung,JB,RL,--3-----,,-6.316666666666666,106.85,
ID,CIK,Cikampek,Cikampek,,RL,--3-----,,-6.4,107.45,
ID,SZA,Cikande,Cikande,JB,RL,1-3-----,,-6.2,106.35,
ID,CKR,Cikarang,Cikarang,JB,RQ,--3-----,,-6.25,107.15,
ID,CIP,Cikupa,Cikupa,JB,RL,--3-----,,-6.216666666666667,106.51666666666667,
ID,CXP,Cilacap (Tjilatjap),Cilacap (Tjilatjap),JT,AI,1-34----,,-7.733333333333333,109,
ID,CDK,Cilandak,Cilandak,JB,RL,--3-----,,-6.283333333333333,106.78333333333333,
ID,CGN,Cilegon,Cilegon,JB,RQ,--3-----,,-6.2,106.3,
ID,CIE,Cileungsi,Cileungsi,JB,RL,--3-----,,-6.383333333333334,106.95,
ID,CIL,Cilincing,Cilincing,JK,RQ,--3-----,,-6.083333333333333,106.93333333333334,
ID,CIU,Ciluar,Ciluar,JB,RL,--3-----,,-6.216666666666667,106.4,
ID,CMI,Cimahi,Cimahi,JB,RL,--3-----,,-6.866666666666667,107.53333333333333,
ID,CIM,Cimanggis,Cimanggis,JB,RQ,--3-----,,-6.316666666666666,106.73333333333333,
ID,CGU,Cimanggu,Cimanggu,JT,RQ,--3-----,,-7.016666666666667,110.51666666666667,
ID,CNE,Cinere,Cinere,JB,RL,--3-----,,-6.333333333333333,106.8,
ID,CIN,Cinta,Cinta,JB,RL,--3-----,,-7.15,108.05,
ID,CII,Cipinang,Cipinang,JB,RL,--3-----,,-6.216666666666667,106.35,
ID,CTT,Ciputat,Ciputat,,RQ,--3-----,,-6.31107785,106.71841089195783,true
ID,CRC,Ciracas,Ciracas,JB,RL,--3-----,,-6.316666666666666,106.86666666666666,
ID,CBN,Cirebon (Tjeribon),Cirebon (Tjeribon),,AI,1-34----,,-6.733333333333333,108.56666666666666,
ID,CIR,Ciruas,Ciruas,JB,RL,--3-----,,-6.116666666666666,106.21666666666667,
ID,CIS,Cisalak,Cisalak,JB,RL,--3-----,,-6.366666666666666,106.85,
ID,CTK,Citangkil,Citangkil,JB,RL,--3-----,,-6.683333333333334,105.6,
ID,CIC,Citeureup,Citeureup,JB,RL,--3-----,,-6.966666666666667,107.61666666666666,
ID,CIW,Ciwandan,Ciwandan,BT,RL,1-------,,-6.016666666666667,105.95,
ID,CLM,Colomadu,Colomadu,,RQ,-----6--,,7.533333333333333,110.75,
ID,CRG,Curug,Curug,JB,RL,--3-----,,-6.333333333333333,106.68333333333334,
ID,CUR,Curug,Curug,JB,RL,--3-----,,-7.366666666666666,107.66666666666667,
ID,DAS,"Dabo, Singkep Isl","Dabo, Singkep Isl",,RL,1-3-----,,-0.5,104.55,
ID,DAR,Daruba,Daruba,MU,RL,--3-----,,2.0833333333333335,128.23333333333332,
ID,DTD,Datadawai,Datadawai,KI,RL,---4----,,0.11666666666666667,116.8,
ID,JAT,Demak,Demak,JT,RL,-----6--,,-6.883333333333333,110.63333333333334,
ID,DMA,Demta,Demta,PA,RL,1-3-----,,-2.3333333333333335,140.13333333333333,
ID,DPS,"Denpasar, Bali","Denpasar, Bali",BA,AI,--345---,,-8.65,115.21666666666667,
ID,DEP,Depok,Depok,JB,RL,--3-----,,-6.4,106.81666666666666,
ID,DBB,Desa Bambe,Desa Bambe,JT,RL,--3-----,,-7.35,112.65,
ID,DGG,Desa Greges,Desa Greges,JT,RL,--3-----,,-7.35,110.16666666666667,
ID,DIV,Diviematra,Diviematra,,RQ,1-------,,,,
ID,DJA,Djankar,Djankar,,RQ,1-------,,,,
ID,DOB,Dobo,Dobo,MA,RL,1--4----,,-5.75,134.21666666666667,
ID,DOG,Donggi,Donggi,SN,RL,1-3-----,,-1.5333333333333332,122.25,
ID,DYJ,Driyorejo,Driyorejo,JT,RL,--3-----,,-7.35,112.61666666666666,
ID,DUM,"Dumai, Sumatra","Dumai, Sumatra",,AI,1--4----,,1.60899315,101.43332717293623,true
ID,DUR,Duri,Duri,JK,RQ,--3-----,,-6.966666666666667,106.43333333333334,
ID,DRI,Duri,Duri,RI,RL,--3-----,,1.45,101.25,
ID,SDA,Durian,Durian,KR,RL,1-------,,1.0166666666666666,103.56666666666666,
ID,ELA,Elat,Elat,MA,RQ,1-------,,-5.65,133.11666666666667,
ID,EWI,Enarotali,Enarotali,,AI,---4----,,-3.925919,136.37699404663323,true
ID,ENE,"Ende, Flores","Ende, Flores",,QQ,---4----,,-8.848919599999999,121.6617986928928,true
ID,ETK,Entikong,Entikong,KB,AM,--3--6--,,0.95,110.35,
ID,EWE,Ewer,Ewer,,AI,---4----,,-5.4967108,138.07690594266896,true
ID,EXS,Exspan,Exspan,,RQ,1-------,,-1.8,105.13333333333334,
ID,FKQ,"Fak Fak, Irian Jaya","Fak Fak, Irian Jaya",,AI,1--4----,,-2.8775,132.19389,true
ID,GAG,Gag Island,Gag Island,,RQ,--3-----,,-0.44783985000000004,129.87566959305678,true
ID,GRG,Gagak Rimang Fso,Gagak Rimang Fso,JK,RL,------7-,,-6.7,112.21666666666667,
ID,GLX,"Galela, Halmahera","Galela, Halmahera",,QQ,---4----,,1.8241009,127.8429619,true
ID,GMB,Gambir,Gambir,JK,RL,-----6--,,-6.166666666666667,106.81666666666666,
ID,GRT,Garut,Garut,JB,RL,--3-----,,-7.216666666666667,107.9,
ID,GTS,Gatot Subroto Permai,Gatot Subroto Permai,BA,RL,1-------,,-8.633333333333333,115.2,
ID,GEB,Gebe,Gebe,,RQ,--34----,,-0.07795585,129.45774888440815,true
ID,JTI,Gedangan,Gedangan,JI,RL,--3-----,,-7.4,112.71666666666667,
ID,GEE,Gee Island,Gee Island,MA,RQ,1-------,,0.8333333333333334,128.31666666666666,
ID,IGR,Gianyar,Gianyar,BA,RL,-----6--,,-8.533333333333333,115.33333333333333,
ID,GIL,"Gilimanuk, Bali","Gilimanuk, Bali",,QQ,1-------,,-8.1707675,114.4361568,true
ID,GOM,Gombong,Gombong,JB,RL,--3-----,,7.2,108.11666666666666,
ID,GTO,"Gorontalo, Sulawesi","Gorontalo, Sulawesi",,AI,1--4----,,0.5384433,123.0594971,true
ID,GRE,"Gresik, Java","Gresik, Java",JI,RL,1-3-----,,-7.15,112.65,
ID,GRO,Grobogan,Grobogan,JT,RL,--3-----,,7.166666666666667,110.83333333333333,
ID,5GK,Gunung Kidul,Gunung Kidul,JB,RL,--3-----,,-6.066666666666666,106.33333333333333,
ID,GNS,"Gunung Sitoli, St","Gunung Sitoli, St",,RQ,1--4----,,1.2766406,97.6047176,true
ID,GUK,Gunungkidul,Gunungkidul,JB,RL,--3-----,,6.733333333333333,106.33333333333333,
ID,GPT,Gunungputri,Gunungputri,JB,RL,--3-----,,-6.45,106.88333333333334,
ID,GUN,Gunungsari,Gunungsari,JB,RL,--3-----,,-6.583333333333333,108.3,
ID,HLP,Halim Perdanakusuma Airport,Halim Perdanakusuma Airport,JK,RL,---4----,,-6.25,106.9,
ID,HDL,Handil,Handil,KI,RL,--3-----,,-0.75,117.26666666666667,
ID,ILA,Illaga,Illaga,,AI,---4----,,-3.976526,137.62141584136924,true
ID,INA,Inanwatan,Inanwatan,PB,RL,1--4----,,-2.1333333333333333,132.16666666666666,
ID,IDY,Inderalaya,Inderalaya,SS,RL,--3-----,,-3.25,104.66666666666667,
ID,IBT,Indonesia Bulk Terminal,Indonesia Bulk Terminal,KS,RQ,1-------,,,,
ID,JBK,Jababeka,Jababeka,,RQ,1-------,,-6.25,107.15,
ID,JBT,Jabung Terminal,Jabung Terminal,RI,RQ,1-------,,-0.8833333333333333,104.06666666666666,
ID,JGK,Jagakarsa,Jagakarsa,JB,RL,--3-----,,-6.333333333333333,106.81666666666666,
ID,JPU,Jakarta Pusat,Jakarta Pusat,JK,RL,1-------,,-6.183333333333334,106.83333333333333,
ID,JUT,Jakarta Utara,Jakarta Utara,,RQ,-----6--,,-6.166666666666667,106.81666666666666,
ID,UTC,Jakarta UTC1,Jakarta UTC1,JK,RQ,1-------,,-6.182283,106.839426,true
ID,UTE,Jakarta UTC3,Jakarta UTC3,JK,RQ,1-------,,-6.182283,106.839426,true
ID,JKT,"Jakarta, Java","Jakarta, Java",JK,AI,12345---,,-6.133333333333334,106.83333333333333,
ID,DJB,"Jambi, Sumatra","Jambi, Sumatra",,AI,1--4----,,-1.6392544500000001,103.6461509755231,true
ID,JBG,Jatibarang,Jatibarang,,RQ,--3-----,,-7.0534929,110.3356534,true
ID,JAI,Jatiluhur,Jatiluhur,JB,RL,--3-----,,-6.55,107.41666666666667,
ID,JAA,Jatinegara,Jatinegara,JK,RL,--3-----,,-6.216666666666667,106.86666666666666,
ID,JTH,Jatitujuh,Jatitujuh,,RQ,--3-----,,-6.6464627,108.2282063,true
ID,JWA,Jawa Timur,Jawa Timur,JI,RL,1-------,,-7.733333333333333,112.5,
ID,DJJ,"Jayapura, Irian Jaya","Jayapura, Irian Jaya",PA,AI,1-345---,,-2.533333333333333,140.7,
ID,JBN,Jembatan,Jembatan,JB,RL,--3-----,,-6.466666666666667,106.86666666666666,
ID,JEM,Jember,Jember,,RL,--3-----,,-8.1688563,113.7021772,true
ID,JZM,Jembrana,Jembrana,BA,RL,-----6--,,-8.366666666666667,114.65,
ID,JEP,Jepara,Jepara,JT,RL,1-------,,-6.583333333333333,110.65,
ID,JIP,Jogja Inland Port,Jogja Inland Port,YO,RL,1----6--,,-7.9,110.38333333333334,
ID,JMB,Jombang,Jombang,JI,RL,-----6--,,-7.55,112.23333333333333,
ID,JGL,Jonggol,Jonggol,JB,RL,--3-----,,-6.466666666666667,107.03333333333333,
ID,JOR,Jorong Anchorage,Jorong Anchorage,,RQ,1-------,,-4.183333333333334,115.1,
ID,JUA,Juanda,Juanda,JI,RL,--3-----,,-7.383333333333334,112.76666666666667,
ID,KAB,Kabil,Kabil,,RL,--3-----,,1.05,104.13333333333334,
ID,KAH,Kahayan Bay,Kahayan Bay,,RQ,1-------,,-2.01056,113.97778,true
ID,KHY,Kahyangan,Kahyangan,NB,RQ,1-------,,-8.483333333333333,116.66666666666667,
ID,KNG,"Kaimana, Irian Jaya","Kaimana, Irian Jaya",,QQ,---4----,,-3.6642872,133.7619247,true
ID,KJN,Kajang,Kajang,,RL,--3-----,,-7.5424127,111.5434368,true
ID,KNT,Kakap Natuna Terminal,Kakap Natuna Terminal,,RQ,1-------,,5.016666666666667,105.95,
ID,KBH,Kalabahi,Kalabahi,NT,RL,1-3-----,,-8.216666666666667,124.51666666666667,
ID,KSO,Kalbut Situbondo,Kalbut Situbondo,JI,RL,1-3---7-,,-7.616666666666667,113.88333333333334,
ID,KAL,Kalianak Barat,Kalianak Barat,JI,RL,--3-----,,-7.216666666666667,112.7,
ID,KAT,Kalianget,Kalianget,,RQ,0-------,,-7.0552167,113.9419448,true
ID,KLR,Kaliorang,Kaliorang,KI,RL,--3-----,,0.8166666666666667,117.86666666666666,
ID,KAM,"Kambunong, Celebes","Kambunong, Celebes",,RQ,1-------,,-1.8726306,119.6681557,true
ID,KPL,Kampung Laut,Kampung Laut,JA,RQ,1-------,,-0.9,103.8,
ID,KPS,Kapas,Kapas,JI,RL,--3-----,,-7.183333333333334,111.93333333333334,
ID,KAP,Kapuk,Kapuk,JK,RQ,--3-----,,-6.133333333333334,106.75,
ID,KGY,Karanganyar,Karanganyar,,RL,-----6--,,-7.583333333333333,110.95,
ID,KGT,Karangjati (Kodya Salatiga),Karangjati (Kodya Salatiga),JT,RL,-----6--,,-7.266666666666667,110.56666666666666,
ID,KWC,Karawaci,Karawaci,JB,RL,--3-----,,-6.183333333333334,106.61666666666666,
ID,KWA,Karawang,Karawang,JB,RQ,--3-----,,-6.3,107.28333333333333,
ID,KRT,Karet,Karet,JK,RL,--3-----,,-6.2,106.81666666666666,
ID,KRG,Kariangau,Kariangau,,RQ,1-------,,-1.1666666666666667,116.78333333333333,
ID,OKA,Karimun Besar Offshore,Karimun Besar Offshore,,RQ,------7-,,1.0666666666666667,103.51666666666667,
ID,KAR,"Karosa, Sulawesi","Karosa, Sulawesi",,QQ,1-------,,,,
ID,KBF,Karubaga,Karubaga,,AI,---4----,,-3.68394345,138.4790033521174,true
ID,KAS,"Kasim, Ij","Kasim, Ij",,RQ,1-------,,-1.3035999,131.0222642,true
ID,KSE,Kassue,Kassue,PA,RL,1-------,,-6.983333333333333,139.21666666666667,
ID,KAU,Kau,Kau,MU,RL,1-------,,1.1833333333333333,127.9,
ID,KEQ,Kebar,Kebar,,AI,---4----,,-1.0507974,132.8293193,true
ID,KEU,Kebumen,Kebumen,JT,RL,--3-----,,-7.666666666666667,109.65,
ID,KDR,Kediri,Kediri,JI,RL,--3-----,,-7.8,112,
ID,KDY,Kedoya,Kedoya,JB,RL,--3-----,,-6.166666666666667,106.75,
ID,KDH,Kedunghalang,Kedunghalang,JB,RL,--3-----,,-6.55,106.78333333333333,
ID,KEA,Keisah,Keisah,,AI,---4----,,,,
ID,KLP,Kelapa,Kelapa,JB,RL,--3-----,,-6.1,107,
ID,KLD,Kelapagading,Kelapagading,JK,RL,--3-----,,-6.15,106.86666666666666,
ID,LLN,Kelila,Kelila,,AI,---4----,,-3.7278873,138.71089302802562,true
ID,KLQ,Keluang,Keluang,,AI,---4----,,-2.4082067,104.1356737,true
ID,KYR,Kemayoran,Kemayoran,JK,RL,--3-----,,-6.15,106.83333333333333,
ID,KEB,Kembangan,Kembangan,JB,RL,-----6--,,-6.183333333333334,106.73333333333333,
ID,KEM,"Kempo, Sb","Kempo, Sb",,RQ,1-------,,-7.7596826,111.6998541,true
ID,KDL,Kendal,Kendal,JT,RL,-----6--,,-7.566666666666666,111.26666666666667,
ID,KDI,"Kendari, Sulawesi","Kendari, Sulawesi",,AI,1--4----,,-3.9918068,122.5180066,true
ID,KDW,Kendawangan,Kendawangan,KB,RL,1-3-----,,-2.533333333333333,110.2,
ID,KEN,Kenjeran,Kenjeran,JI,RL,--3-----,,-7.233333333333333,112.78333333333333,
ID,KEI,Kepi,Kepi,,AI,---4----,,-6.544196899999999,139.33299962481306,true
ID,JBB,Keragilan,Keragilan,JB,RL,--3-----,,-6.133333333333334,106.28333333333333,
ID,BTT,Kerawang,Kerawang,JB,RL,--3-----,,-6.3,107.28333333333333,
ID,KRC,Kerinci,Kerinci,,AI,---4----,,0.3854115,101.8581198,true
ID,KBK,Kerobokan,Kerobokan,ST,RL,-----6--,,-1,120.41666666666667,
ID,KER,Kertapati,Kertapati,SS,RL,--3-----,,-3.0166666666666666,104.75,
ID,KTG,"Ketapang, Kl","Ketapang, Kl",,AI,1--4----,,-1.8161333499999999,109.96376933670325,true
ID,KID,"Kidjang, Bintan","Kidjang, Bintan",,QQ,1-------,,,,
ID,KIJ,Kijang,Kijang,,RL,-----6--,,5.666666666666667,104.61666666666666,
ID,KMM,Kimam,Kimam,,AI,---4----,,,,
ID,KIS,Kisaran,Kisaran,SA,RL,--3-----,,2.9833333333333334,99.61666666666666,
ID,KLA,Klari,Klari,JB,RL,--3-----,,-6.316666666666666,107.36666666666666,
ID,KLE,Klaten,Klaten,JT,RQ,-----6--,,-7.7,110.58333333333333,
ID,KL3,Kletek,Kletek,NT,RL,--3-----,,-9.583333333333334,124.93333333333334,
ID,KOJ,Koja,Koja,JB,RL,1-3--6--,,-6.3,106.38333333333334,
ID,KOK,Kokas,Kokas,PB,RQ,1-------,,-2.7,132.43333333333334,
ID,KOX,Kokonao,Kokonao,,AI,---4----,,-4.7101185999999995,136.4344910014281,true
ID,KOL,Kolaka,Kolaka,SG,RQ,1-------,,-4.05,121.56666666666666,
ID,KNL,Kolonodale,Kolonodale,ST,RL,1-3-----,,-1.9666666666666668,121.33333333333333,
ID,KMD,Komodo,Komodo,NT,RL,1-------,,-8.583333333333334,119.5,
ID,KCI,Kon,Kon,,AI,---4----,,,,
ID,KOD,Kotabangun,Kotabangun,,AI,---4----,,3.6813,98.6771,true
ID,KBU,Kotabaru,Kotabaru,,AI,---4----,,-3.241149,116.2257814,true
ID,KPN,"Kotapinang, Baru","Kotapinang, Baru",,RQ,1-------,,1.942084,100.096505,true
ID,KOT,Kotatengah,Kotatengah,LA,RL,--3-----,,-5.166666666666667,105.5,
ID,KRA,Kragilan,Kragilan,JT,RL,--3-----,,-7.766666666666667,110.6,
ID,KMJ,Kramatjati,Kramatjati,JK,RL,--3-----,,-6.266666666666667,106.86666666666666,
ID,KPK,Krapyak,Krapyak,YO,RL,-23-----,,-7.733333333333333,110.4,
ID,KGH,Krueng Geukueh,Krueng Geukueh,AC,RQ,1-------,,5.25,97.03333333333333,
ID,ENO,Kuala Enok,Kuala Enok,,RQ,1-------,,-0.5333333333333333,103.4,
ID,KKA,"Kuala Kapuas, Kl","Kuala Kapuas, Kl",,RQ,1-------,,-3.0089407,114.3876186,true
ID,KNO,Kuala Namu Intl Apt/Medan,Kuala Namu Intl Apt/Medan,SU,RL,---4----,,3.6166666666666667,98.86666666666666,
ID,KUA,Kualalangsa,Kualalangsa,AC,RL,1-------,,4.533333333333333,98.01666666666667,
ID,KMA,Kualamandah,Kualamandah,RI,RL,--3-----,,-0.5,103.88333333333334,
ID,KTJ,Kualatanjung,Kualatanjung,SU,RL,1-3-----,,3.35,99.48333333333333,
ID,KTK,Kualatungkal,Kualatungkal,,RL,--3-----,,-0.8,103.46666666666667,
ID,KUD,Kudus,Kudus,JT,RL,--3-----,,-6.8,110.83333333333333,
ID,KUG,Kulonprogo,Kulonprogo,JB,RL,--3-----,,-6.233333333333333,106.66666666666667,
ID,KUM,Kumai,Kumai,KT,RL,1-3-----,,-2.7333333333333334,111.71666666666667,
ID,KKB,"Kunak, Borneo","Kunak, Borneo",,RQ,1-------,,-1.850874,111.472778,true
ID,KUN,Kuningan,Kuningan,JB,RL,--3-----,,-6.983333333333333,108.48333333333333,
ID,KOE,"Kupang, Timor","Kupang, Timor",,AI,1--4----,,-10.1721498,123.66464506126852,true
ID,KUT,Kuta,Kuta,BA,RQ,-----6--,,-8.716666666666667,115.18333333333334,
ID,LAA,Labuan,Labuan,SG,RL,--3-----,,-4.416666666666667,122.95,
ID,LBO,Labuan Bajo,Labuan Bajo,NT,RL,1-3-----,,-8.5,119.88333333333334,
ID,LBJ,Labuanbajo,Labuanbajo,,RL,--3-----,,-0.05,120.03333333333333,
ID,LAH,"Labuha, Molucas","Labuha, Molucas",,AI,1-34----,,-0.6166666666666667,127.48333333333333,
ID,LAJ,Labuhan,Labuhan,BT,RL,--3-----,,-6.366666666666666,105.83333333333333,
ID,LHT,Lahat,Lahat,SS,RL,--3-----,,-3.8,103.53333333333333,
ID,LAT,"Lalang Terminal, St","Lalang Terminal, St",,RQ,1-------,,4.3882,98.2377,true
ID,LAM,Lamongan,Lamongan,JI,RL,--3-----,,-7.116666666666666,112.41666666666667,
ID,LUV,Langgur,Langgur,,AI,---4----,,-5.66130535,132.73065477324252,true
ID,LVN,Langsa Venture FPSO,Langsa Venture FPSO,,RQ,------7-,,5.316666666666666,98.05,
ID,LAS,"Langsa, Sumatra","Langsa, Sumatra",,QQ,1-------,,4.4730892,97.9681841,true
ID,LAP,Lapangan,Lapangan,SA,RL,--3-----,,1.5333333333333332,124.91666666666667,
ID,LKA,Larantuka,Larantuka,,AI,---4----,,-8.3466998,122.9771887,true
ID,LRT,Larat,Larat,,RL,--3-----,,-5.8029446,132.909872,true
ID,LWG,Lawang,Lawang,JI,RL,--3-----,,-7.816666666666666,112.7,
ID,LLA,"Lawe-Lawe, Kl","Lawe-Lawe, Kl",,RQ,1-------,,-1.3302373,116.6975756,true
ID,LAB,Lemah Abang,Lemah Abang,JB,RQ,--3-----,,-6.216666666666667,107.23333333333333,
ID,5LE,Lembang,Lembang,JB,RL,--3-----,,-6.8,107.61666666666666,
ID,LBR,Lembar,Lembar,NB,RL,1-3-----,,-8.733333333333333,116.06666666666666,
ID,LHI,Lereh,Lereh,,AI,---4----,,-3.13333,139.9,true
ID,LEU,Leuwiliang,Leuwiliang,JB,RL,--3-----,,6.583333333333333,106.61666666666666,
ID,LWE,Lewoleba,Lewoleba,,AI,---4----,,-8.36100245,123.43878838057336,true
ID,LSX,Lhok Sukon,Lhok Sukon,,AI,---4----,,5.529465650000001,95.419083238632,true
ID,LHK,Lhoknga,Lhoknga,,RQ,--3-----,,5.46852795,95.27211292458861,true
ID,LSW,Lhokseumawe,Lhokseumawe,AC,AI,1-34----,,5.166666666666667,97.13333333333334,
ID,LIF,Lifamatola,Lifamatola,,RQ,1-------,,,,
ID,LIM,Limo,Limo,JB,RL,--3-----,,-6.35,106.76666666666667,
ID,LGG,Limusnunggal,Limusnunggal,JB,RL,--3-----,,-6.366666666666666,106.96666666666667,
ID,LBM,Lobam,Lobam,,RL,1-3-----,,1,104.26666666666667,
ID,LKI,Loki,Loki,MA,RQ,1-------,,-3.3,128.05,
ID,LOL,Loli,Loli,NT,RQ,--3-----,,-9.666666666666666,124.51666666666667,
ID,LOM,Lombok,Lombok,NB,RQ,1-------,,-8.5,116.66666666666667,
ID,LMB,Lombok Strait,Lombok Strait,,RQ,0-------,,-8.760224,115.883789,true
ID,LPU,Long Apung,Long Apung,,AI,---4----,,3.98553,115.76453,true
ID,LBW,Long Bawan,Long Bawan,,AI,---4----,,3.90027435,115.69130505231207,true
ID,LTT,Lubuk Tutung,Lubuk Tutung,KI,AM,1-3-----,,0.7666666666666667,117.73333333333333,
ID,LMJ,Lumajang,Lumajang,JI,RL,--3-----,,-8.133333333333333,113.21666666666667,
ID,LYK,Lunyuk,Lunyuk,,AI,---4----,,-8.9892504,117.21593924664815,true
ID,LUW,Luwuk,Luwuk,,AI,1--4----,,-0.9528231,122.7880198,true
ID,MDI,Madiun,Madiun,JI,RL,--3-----,,-7.616666666666667,111.51666666666667,
ID,MDR,Madura Terminal,Madura Terminal,,RL,1-------,,-6.85,112.95,
ID,MAG,Magelang,Magelang,JT,RL,--3-----,,-7.466666666666667,110.21666666666667,
ID,5MT,Magetan,Magetan,JI,RL,--3-----,,-7.65,111.33333333333333,
ID,5MA,Majalengka,Majalengka,KB,RL,--3-----,,-6.833333333333333,108.21666666666667,
ID,MAJ,"Majene, Sv","Majene, Sv",,RQ,1-------,,-3.5459286,118.9607438,true
ID,MAK,Makassar,Makassar,SN,RL,1-3-----,,-5.116666666666666,119.4,
ID,MLH,Malahayati,Malahayati,AC,RL,--3-----,,-0.13333333333333333,99.73333333333333,
ID,MLG,Malang,Malang,,AI,--34----,,-7.9771308,112.6340265,true
ID,MPT,Maliana,Maliana,,AI,---4----,,,,
ID,MLI,"Malili, Sulawesi","Malili, Sulawesi",,QQ,1-------,,-2.6190658,121.1163447,true
ID,MJU,Mamuju,Mamuju,,AI,1--4----,,-2.6756302,118.8847947,true
ID,MDC,Manado,Manado,,AI,1--45---,,1.5504688500000001,124.92516459750878,true
ID,MAD,Manggadua,Manggadua,JK,RL,--3-----,,-6.133333333333334,106.81666666666666,
ID,MAN,Manggar,Manggar,,RQ,0-------,,-1.2269306,116.9501958,true
ID,MGB,Manggis,Manggis,BA,RL,1-3-----,,-8.483333333333333,115.51666666666667,
ID,MKJ,Mangkajang,Mangkajang,KI,RL,1-------,,2.1333333333333333,117.73333333333333,
ID,MAL,Mangole,Mangole,,AI,1--4----,,,,
ID,MJY,Mangunjaya,Mangunjaya,,AI,---4----,,-7.4865747,108.6974902,true
ID,MKW,"Manokwari, Irian Jaya","Manokwari, Irian Jaya",,AI,1--4----,,-0.89097315,134.04917862613763,true
ID,MNT,"Mantang, Riau","Mantang, Riau",,QQ,1-------,,0.7579498,104.6034411,true
ID,MYR,Manyar,Manyar,JI,RL,-----6--,,-7.116666666666666,112.6,
ID,MAI,Mapia Island,Mapia Island,PA,RQ,1-------,,0.8833333333333333,134.31666666666666,
ID,MAR,Marabahan,Marabahan,KS,RQ,1-------,,-2.9833333333333334,114.76666666666667,
ID,MGO,Margomulyo,Margomulyo,SA,RL,--3-----,,0.5333333333333333,121.75,
ID,MSI,Masalembo,Masalembo,,AI,---4----,,,,
ID,MXB,Masamba,Masamba,,AI,---4----,,-2.5582197,120.32461929727211,true
ID,MWK,Matak,Matak,,AI,---4----,,3.3479824,106.25797339911207,true
ID,AMI,Mataram,Mataram,,AI,---4----,,-8.5618359,116.10222973992147,true
ID,MAU,Mauk,Mauk,JB,RL,--3-----,,-6.05,106.5,
ID,MOF,"Maumere, Flores","Maumere, Flores",,AI,1--4----,,-8.64105065,122.23624998248422,true
ID,MES,"Medan, Sumatra","Medan, Sumatra",,AI,1--45---,,3.5587163,98.67230308656025,true
ID,MNA,Melonguanne,Melonguanne,,AI,--34----,,4,126.68333333333334,
ID,MTG,Menteng,Menteng,JK,RL,-2------,,-6.183333333333334,106.83333333333333,
ID,MRK,"Merak, Java","Merak, Java",,QQ,1-------,,-6.1701006,106.4412499,true
ID,MRB,"Merantibunting, Sumatra","Merantibunting, Sumatra",,RQ,1-------,,0.94437,102.47069,true
ID,MKQ,"Merauke, Irian Jaya","Merauke, Irian Jaya",,AI,1--4----,,-8.523607049999999,140.4191269651825,true
ID,RDE,Merdey,Merdey,,AI,---4----,,-1.5680968,133.3830356,true
ID,MEQ,"Meulaboh, Sumatra","Meulaboh, Sumatra",,AI,1--4----,,4.1481951,96.1339107,true
ID,MDP,Mindiptana,Mindiptana,,AI,---4----,,-6.0813346,140.7306394,true
ID,MIT,Misool Terminal,Misool Terminal,PA,RQ,1-------,,-1.5666666666666667,130.51666666666668,
ID,ONI,Moanamani,Moanamani,,AI,---4----,,-4.00733725,136.037261814173,true
ID,MJT,Mojokerto,Mojokerto,JI,RQ,--3--6--,,-7.466666666666667,112.43333333333334,
ID,MJI,Mojosari,Mojosari,JI,RL,-23-----,,-7.516666666666667,112.55,
ID,MOR,Mornopo,Mornopo,MA,RQ,1-------,,0.7833333333333333,128.21666666666667,
ID,OZI,Morotai I,Morotai I,,AI,---4----,,,,
ID,MOW,Morowali,Morowali,ST,RQ,1-------,,-1.8666666666666667,121.5,
ID,MBK,Muara Bangkong,Muara Bangkong,RI,RQ,1-------,,0.4,103.78333333333333,
ID,MUB,Muara Berau,Muara Berau,,RQ,1-------,,1.7570495,117.9796037,true
ID,MUD,Muara Djawa,Muara Djawa,,RQ,1-------,,-0.7762,100.6273,true
ID,MPN,Muara Pantai,Muara Pantai,,RL,1-------,,-0.7572898,101.7134458,true
ID,MUP,Muara Pegah,Muara Pegah,,RQ,1-------,,-0.7762,100.6273,true
ID,MSK,Muara Sabak,Muara Sabak,RI,RQ,1-------,,-0.8,103.91666666666667,
ID,MSB,Muara Siberut,Muara Siberut,SB,RQ,1-------,,-1.5833333333333335,99.2,
ID,MUW,Muara Teweh,Muara Teweh,KT,RQ,1-3-----,,-56.96666666666667,114.9,
ID,MU9,Muarabungo,Muarabungo,JA,RL,-2------,,-1.4666666666666668,102.11666666666666,
ID,MPC,Muko-Muko,Muko-Muko,,AI,---4----,,-2.5833155,101.1201818,true
ID,LII,Mulia,Mulia,,AI,---4----,,5.565613,95.32384976226393,true
ID,MUO,"Muntok, Banka","Muntok, Banka",,QQ,1-------,,-2.0672225,105.165139,true
ID,MRI,"Musi River, Sumatra","Musi River, Sumatra",,RQ,1-------,,-3.500172,103.353294,true
ID,MUF,Muting,Muting,,AI,---4----,,-7.3229243,140.5581037,true
ID,MTU,Muturi,Muturi,,RQ,1-------,,-2.0964,133.7186,true
ID,NBX,Nabire,Nabire,,AI,---4----,,-3.3683476,135.4971327697596,true
ID,NGK,Nagrak,Nagrak,JB,RL,-----6--,,-7.066666666666666,107.53333333333333,
ID,NAH,Naha,Naha,,AI,---4----,,3.6866040499999997,125.52690263699812,true
ID,NAM,Namlea,Namlea,MA,AI,---4----,,-3.3,127.1,
ID,NRE,Namrole,Namrole,,AI,---4----,,-3.8553334,126.70050982463769,true
ID,NBF,Nanga Badau,Nanga Badau,KB,RL,--3----B,,1.0166666666666666,111.86666666666666,
ID,NPO,Nangapinoh,Nangapinoh,,AI,---4----,,-0.34841140000000004,111.74578514539873,true
ID,NAR,Narogong,Narogong,JB,RL,--3-----,,-6.433333333333334,106.91666666666667,
ID,NTX,Natuna Ranai,Natuna Ranai,,AI,---4----,,3.91012595,108.38800525322566,true
ID,NEG,Negara,Negara,BA,RL,--3-----,,-8.366666666666667,114.61666666666666,
ID,CTO,New Priok Port,New Priok Port,JK,RL,1----6--,,-6.083333333333333,106.91666666666667,
ID,5NG,Nganjuk,Nganjuk,JI,RL,--3-----,,-7.6,111.91666666666667,
ID,NGW,Ngawi,Ngawi,JI,RL,--3-----,,-7.4,111.43333333333334,
ID,NIP,Nipah,Nipah,RI,AA,1-------,,1.1166666666666667,103.55,
ID,NPL,North Pulau Laut,North Pulau Laut,,RQ,1-------,,-3.216666666666667,116.26666666666667,
ID,FOO,Numfoor,Numfoor,,AI,---4----,,,,
ID,NNX,Nunukan,Nunukan,,AI,1--4----,,4.13425035,117.66940505016953,true
ID,NYA,Nyamplungan,Nyamplungan,YO,RL,--3-----,,-7.816666666666666,110.38333333333334,
ID,OBD,Obano,Obano,,AI,---4----,,-3.91048535,136.23059311149825,true
ID,OBI,Obi Island,Obi Island,,RQ,1-------,,-1.40667,127.34167,true
ID,OKQ,"Okaba, Irian Jaya","Okaba, Irian Jaya",,QQ,---4----,,-4.351889,139.367065,true
ID,OKL,Oksibil,Oksibil,,AI,---4----,,-4.906828300000001,140.62741954055687,true
ID,OJA,Olah Jasa Andal/Jakarta,Olah Jasa Andal/Jakarta,JK,RQ,1-------,,,,
ID,OLO,Olee Lheue,Olee Lheue,,QQ,1-------,,5.3308,96.0114,true
ID,ORA,Oransbari,Oransbari,PB,RL,-23-----,,-1.35,134.26666666666668,
ID,OYO,Oyong,Oyong,,RL,------7-,,-7.283333333333333,112.73333333333333,
ID,PBR,Pabuaran,Pabuaran,JB,RL,--3-----,,-6.333333333333333,107.03333333333333,
ID,PAC,Paciran,Paciran,JI,RL,--3-----,,-6.866666666666667,112.33333333333333,
ID,5PP,Pacitan,Pacitan,JI,RL,--3-----,,-8.2,111.11666666666666,
ID,PDL,Padalarang,Padalarang,JB,RL,--3-----,,-6.833333333333333,107.48333333333333,
ID,PDG,Padang,Padang,SB,AI,1234----,,-0.95,100.35,
ID,PTK,Padang Tikar,Padang Tikar,KB,RQ,1-3-----,,-0.6666666666666666,109.26666666666667,
ID,PAG,"Pagatan, Kalimantan","Pagatan, Kalimantan",,QQ,1-------,,-3.6090743,115.9362714,true
ID,PGA,Pagerungan,Pagerungan,,RQ,1-----7-,,-6.916666666666667,115.91666666666667,
ID,PGM,Pagimana,Pagimana,ST,RQ,1-------,,-0.8,122.61666666666666,
ID,PAI,Paiton,Paiton,,RL,--3-----,,-7.716666666666667,113.5,
ID,PLG,Palang,Palang,JT,RL,--3-----,,-6.9,112.13333333333334,
ID,PKY,Palangkaraya,Palangkaraya,,AI,---4----,,-2.2323114,113.94638459638963,true
ID,PPO,"Palapo, Sulawesi","Palapo, Sulawesi",,RL,1-------,,-3.0833333333333335,120.23333333333333,
ID,PLM,"Palembang, Sumatra","Palembang, Sumatra",,AI,1--4----,,-2.8972977,104.70322977327754,true
ID,PBW,Palibelo,Palibelo,,AI,---4----,,-8.5379181,118.6857460933394,true
ID,PMH,Palmerah,Palmerah,JK,RQ,-----6--,,-6.183333333333334,106.78333333333333,
ID,PAL,Palu,Palu,,RL,1-3-----,,-0.8833333333333333,119.85,
ID,PNN,"Pamanukan, Java","Pamanukan, Java",,QQ,1-------,,-6.2841644,107.8210101,true
ID,5SS,Pamekasan,Pamekasan,JI,RL,--3-----,,-7.166666666666667,113.46666666666667,
ID,PKK,Panakukang,Panakukang,SN,RL,-----6--,,-5.183333333333334,119.38333333333334,
ID,PRN,"Panarukan, Java","Panarukan, Java",,QQ,1-------,,-7.6949745,113.9362263,true
ID,PJM,Pandjung Mani,Pandjung Mani,,RQ,1-------,,,,
ID,5PN,Pangandaran,Pangandaran,JB,RL,--3-----,,-7.683333333333334,108.65,
ID,PGX,"Pangkal Balam, Banka","Pangkal Balam, Banka",,QQ,1-------,,-3.4189,102.1092,true
ID,PKR,"Pangkalan Brandan, Sumatra","Pangkalan Brandan, Sumatra",,QQ,1-------,,4.0183637,98.2862077,true
ID,PKS,"Pangkalan Susu, Sumatra","Pangkalan Susu, Sumatra",,QQ,1-------,,4.1193131,98.2151663,true
ID,PKN,Pangkalanbuun,Pangkalanbuun,,AI,1--4----,,-2.7057634,111.67340824897687,true
ID,PGK,"Pangkalpinang, Banka","Pangkalpinang, Banka",,QQ,1-------,,-2.1206733,106.1134604,true
ID,PNJ,Panjang,Panjang,,RQ,1-------,,-0.4654636,100.3932441,true
ID,PJG,"Panjang (Lampung, Sumatra)","Panjang (Lampung, Sumatra)",,RQ,-2------,,-1.4369836,101.854157,true
ID,PTL,"Pantoloan, Sv","Pantoloan, Sv",,RQ,1-------,,-0.708611,119.857778,true
ID,PAP,Pare Pare,Pare Pare,,RQ,0-------,,-4.0057055,119.6236101,true
ID,PRG,Parung,Parung,JB,RL,--3-----,,-6.316666666666666,106.96666666666667,
ID,PGD,Parungkuda,Parungkuda,JB,RL,--3-----,,-6.85,106.76666666666667,
ID,PKM,Pasar Kemis,Pasar Kemis,JB,RL,--3-----,,-6.166666666666667,106.51666666666667,
ID,PSA,Pasar Minggu,Pasar Minggu,JK,AM,--3-----,,-6.283333333333333,106.83333333333333,
ID,PRB,Pasar Rebo,Pasar Rebo,JB,RL,-----6--,,-6.4,106.73333333333333,
ID,PSG,Pasarminggu,Pasarminggu,BT,RL,--3-----,,-6.183333333333334,106.71666666666667,
ID,PSR,Pasarrebo,Pasarrebo,JK,RL,--3-----,,-6.3,106.86666666666666,
ID,PPR,Pasir Pangarayan,Pasir Pangarayan,,RQ,---4----,,0.8166666666666667,100.36666666666666,
ID,PAS,Pasir Panjang,Pasir Panjang,,QQ,1-------,,1.4034399,125.1841996,true
ID,PAZ,"Pasuruan, Java","Pasuruan, Java",,RL,123-----,,-7.633333333333333,112.9,
ID,PAT,Pati,Pati,JT,RL,--3-----,,-6.75,111.01666666666667,
ID,PJL,Pejagalan,Pejagalan,,RL,-----6--,,-6.133333333333334,106.8,
ID,PEX,"Pekalongan, Java","Pekalongan, Java",,QQ,1-------,,-6.8905065,109.6761489,true
ID,PKU,"Pekanbaru, Sumatra","Pekanbaru, Sumatra",,QQ,---4----,,0.45756595,101.440153194186,true
ID,PBB,Pelabuhan Badas,Pelabuhan Badas,NB,RL,1-------,,-8.45,117.36666666666666,
ID,FTG,Pelabuhan Futong Terminal,Pelabuhan Futong Terminal,RI,RQ,1-------,,0.8166666666666667,102.4,
ID,PLN,Pelawan,Pelawan,SS,RQ,-----6--,,-2.3666666666666667,102.68333333333334,
ID,PML,Pemalang,Pemalang,JT,RQ,--3-----,,-6.9,109.36666666666666,
ID,PEM,"Pemangkat, Kl","Pemangkat, Kl",,RQ,0-------,,1.1783548,108.9720986,true
ID,PMT,Pematangsiantar,Pematangsiantar,SU,RL,--3-----,,2.95,99.05,
ID,PJA,Penajam,Penajam,KI,RL,--3-----,,-1.25,116.76666666666667,
ID,PDO,Pendopo,Pendopo,,AI,---4----,,-3.8493988999999997,102.92668515700919,true
ID,PEN,Penjaringan,Penjaringan,JK,RL,--3-----,,-6.116666666666666,106.78333333333333,
ID,PNG,Penuba,Penuba,,RQ,1-------,,-0.3071529,104.4551769,true
ID,PWG,Perawang,Perawang,RI,RL,1-3-----,,0.6333333333333333,101.61666666666666,
ID,PER,Perawang,Perawang,RI,RL,1-3-----,,1.0666666666666667,102.86666666666666,
ID,PBG,Perbaungan,Perbaungan,SU,RL,--3-----,,3.5666666666666664,98.95,
ID,5PE,Petamburan,Petamburan,JB,RL,--3-----,,-6.183333333333334,106.8,
ID,PIR,Piru,Piru,MA,RQ,1-------,,-3.066666666666667,128.18333333333334,
ID,PLA,"Plaju, Sumatra","Plaju, Sumatra",,RL,1-3-----,,-2.9833333333333334,104.8,
ID,PED,Plered,Plered,JB,RL,--3-----,,-6.216666666666667,106.7,
ID,PLP,Plumpang,Plumpang,JI,RL,--3-----,,-7.016666666666667,112.08333333333333,
ID,PMD,Podomoro,Podomoro,SN,RL,--3-----,,-2.5833333333333335,121,
ID,POL,Poleng,Poleng,,RQ,------7-,,-6.65,112.91666666666667,
ID,PMK,Pomako,Pomako,PA,RQ,1-------,,-4.8,136.76666666666668,
ID,PUM,"Pomalaa, Sulawesi","Pomalaa, Sulawesi",,AI,1-34----,,-4.033333333333333,121.58333333333333,
ID,PST,Pomposa,Pomposa,ST,RL,--3-----,,-1.4,120.7,
ID,PCB,Pondok Cabe,Pondok Cabe,,AI,---4----,,-6.3364522,106.76341868042863,true
ID,PON,Ponorogo,Ponorogo,JI,RQ,--3-----,,-7.866666666666667,111.45,
ID,PNK,"Pontianak, Kalimantan","Pontianak, Kalimantan",,AI,1--45---,,-0.0226903,109.3447488,true
ID,PRS,Porsea,Porsea,SU,RL,--3-----,,2.45,99.15,
ID,PMG,Port Meneng,Port Meneng,,QQ,1-------,,-6.5175,107.60028,true
ID,PTO,Port Okha,Port Okha,,RQ,0-------,,-4.8038,136.76687,true
ID,SGO,Port Segoro Fajar Satryo/Jakarta,Port Segoro Fajar Satryo/Jakarta,JK,RQ,1-------,,-6.5175,107.60028,true
ID,PSJ,"Poso, Sulawesi","Poso, Sulawesi",,AI,1--4----,,-1.3948289,120.7539369,true
ID,POT,Poto Tano,Poto Tano,NB,RQ,1-------,,-8.516666666666667,116.83333333333333,
ID,PRO,"Probolinggo, Java","Probolinggo, Java",,QQ,1-------,,-7.7441461,113.2158401,true
ID,PNT,"Prointal, Jv","Prointal, Jv",,RQ,1-------,,,,
ID,PPS,Pulangpisau,Pulangpisau,,RQ,1-------,,-2.746171,114.2622421,true
ID,PBJ,Pulau Bunyu,Pulau Bunyu,,RL,1-3-----,,-0.3,115.86666666666666,
ID,PUT,Pulau Laut,Pulau Laut,,RL,1-------,,-3.283333333333333,116.15,
ID,NIA,Pulau Nias,Pulau Nias,,RQ,--3-----,,1.1,97.53333333333333,
ID,PPJ,Pulau Panjang,Pulau Panjang,,AI,---4----,,-1.2533112,102.2552251,true
ID,PSS,"Pulau Sambu, Riau","Pulau Sambu, Riau",,QQ,1-------,,0.5004112,101.5475811,true
ID,PUG,Pulo Gadung,Pulo Gadung,JK,RQ,--3-----,,-6.183333333333334,106.9,
ID,PUB,Purbalingga,Purbalingga,JT,RL,--3-----,,-6.9,109.36666666666666,
ID,PUR,Purwakarta,Purwakarta,JB,RL,--3-----,,-6.55,107.43333333333334,
ID,PWL,Purwokerto,Purwokerto,,AI,---4----,,-7.4279011,109.2408501,true
ID,PUW,Purworejo,Purworejo,JT,RL,--3-----,,-7.716666666666667,110.01666666666667,
ID,PWI,Purwosari,Purwosari,JI,RL,-----6--,,-7.766666666666667,112.73333333333333,
ID,PSU,Putussibau,Putussibau,,AI,---4----,,0.8710285,112.9224326,true
ID,RAQ,Raha,Raha,,AI,---4----,,-4.8315594,122.716274,true
ID,RJL,Rajawali,Rajawali,SG,RL,--3-----,,-4.116666666666666,122.5,
ID,RNI,Ranai,Ranai,RI,RL,1-------,,3.9166666666666665,108.38333333333334,
ID,RAN,Rancaekek,Rancaekek,JB,RL,--3-----,,-6.95,107.76666666666667,
ID,RGG,Rangkasbitung,Rangkasbitung,JB,RL,--3-----,,-6.35,106.23333333333333,
ID,RSK,Ransiki,Ransiki,,AI,---4----,,-1.4952691,134.1726687,true
ID,REM,Rembang,Rembang,,RQ,0-------,,-6.7056856,111.3486234,true
ID,RDK,Rengasdengklok,Rengasdengklok,JB,RL,--3-----,,-6.133333333333334,107.26666666666667,
ID,RGT,"Rengat, Sumatra","Rengat, Sumatra",,AI,1--4----,,-0.3746482,102.5459897,true
ID,REO,Reo,Reo,NT,RQ,1-------,,-8.316666666666666,120.5,
ID,RAU,Riau,Riau,RI,RL,--3-----,,0.7833333333333333,104.55,
ID,RKI,Rokot,Rokot,,AI,---4----,,-2.09572645,99.69930484593706,true
ID,RTI,Roti,Roti,,AI,---4----,,-10.68702915,123.20843503116711,true
ID,RUN,Rungkut,Rungkut,JI,RL,--3-----,,-7.316666666666666,112.76666666666667,
ID,RTG,"Ruteng, Flores","Ruteng, Flores",,QQ,---4----,,-8.59664555,120.47889054784591,true
ID,SBG,"Sabang, Sumatra","Sabang, Sumatra",,QQ,1-------,,5.8927453,95.3225751,true
ID,SDG,Sadang,Sadang,JB,RL,--3-----,,-7.183333333333334,107.96666666666667,
ID,SAD,"Sadau, Borneo","Sadau, Borneo",,RQ,1-------,,3.35,117.533333,true
ID,STG,Salatiga,Salatiga,JT,RL,--3-----,,-7.316666666666666,110.48333333333333,
ID,SWT,Salawati Terminal,Salawati Terminal,PB,RQ,1-------,,-1.35,131,
ID,5SA,Salemba,Salemba,JB,RL,--3-----,,-6.183333333333334,106.85,
ID,SRI,"Samarinda, Kalimantan","Samarinda, Kalimantan",,AI,1--4----,,-0.3749903,117.25241347274769,true
ID,SBS,"Sambas, Kalimantan","Sambas, Kalimantan",,QQ,1-------,,1.33230095,109.3175718993474,true
ID,5SP,Sampang,Sampang,JI,RL,--3-----,,-7.2,113.23333333333333,
ID,SMQ,"Sampit, Kalimantan","Sampit, Kalimantan",,AI,1--4----,,-2.4978557500000003,112.97267325250846,true
ID,SQN,Sanana,Sanana,,AI,---4----,,-2.1014317499999997,125.96582115263294,true
ID,SAN,"Sanang, Celebes","Sanang, Celebes",,RQ,1-------,,0.42539,101.06063,true
ID,SGQ,Sanggata,Sanggata,,AI,---4----,,,,
ID,SGU,Sanggau,Sanggau,KB,RQ,1-------,,0.11666666666666667,110.6,
ID,SAE,Sangir,Sangir,,AI,---4----,,-1.7708799,101.3066211,true
ID,SKI,"Sangkulirang, Kalimantan","Sangkulirang, Kalimantan",,QQ,1-------,,0.994213,118.042603,true
ID,SAT,"Santan Terminal, Kl","Santan Terminal, Kl",,RQ,1-------,,0.181274,117.262511,true
ID,SNR,Sanur,Sanur,BA,RL,--3-----,,-8.683333333333334,115.26666666666667,
ID,SAP,Sape,Sape,NB,RL,1-3-----,,-8.566666666666666,118.98333333333333,
ID,ZRM,Sarmi,Sarmi,,RQ,---4----,,-1.25,138.75,
ID,SAS,Sasayap,Sasayap,,RQ,1-------,,,,
ID,STU,Satui,Satui,,RL,1-------,,-3.7775415,115.3997868,true
ID,SXK,Saumlaki,Saumlaki,,AI,---4----,,-7.9741711,131.3048761,true
ID,ISO,Sawahlunto,Sawahlunto,SB,RL,-----6--,,-0.6666666666666666,100.78333333333333,
ID,SAU,Sawu,Sawu,,AI,---4----,,-8.8613517,121.1916973,true
ID,SEB,"Sebangan Bay, Kalimantan","Sebangan Bay, Kalimantan",,QQ,1-------,,-2.125605,133.547927,true
ID,SEI,Sebuku Island,Sebuku Island,KS,RQ,-----6--,,-3.5,116.36666666666666,
ID,SKP,Sekupang,Sekupang,RI,RL,1-3-----,,1.1333333333333333,103.93333333333334,
ID,SPA,"Selat Pandjang, Sumatra","Selat Pandjang, Sumatra",,QQ,1-------,,-7.948,113.8438,true
ID,SMB,"Semangka Bay, St","Semangka Bay, St",,RQ,1-------,,-5.02011,104.19015,true
ID,SRG,Semarang,Semarang,JT,AI,1-345---,,-6.966666666666667,110.48333333333333,
ID,SMP,Semper,Semper,JI,RL,--3-----,,-6.116666666666666,106.91666666666667,
ID,SEY,Senayan,Senayan,JK,RL,--3-----,,-6.216666666666667,106.8,
ID,SEH,Senggeh,Senggeh,,AI,---4----,,,,
ID,SGG,Senggigi,Senggigi,NB,AM,1-3-----,,-8.5,116.05,
ID,ZEG,Senggo,Senggo,,AI,---4----,,-5.6905959,139.3494579276442,true
ID,SZH,Senipah,Senipah,KI,AI,1---5---,,-0.95,117.15,
ID,SPH,Senipah Terminal,Senipah Terminal,,RQ,1-------,,-0.972243,117.152989,true
ID,SEN,Sentul,Sentul,JB,RL,--3-----,,-6.383333333333334,106.93333333333334,
ID,SEP,Sepanjang Terminal,Sepanjang Terminal,,RQ,1-------,,-7.183333333333334,115.78333333333333,
ID,SER,Serang,Serang,,RQ,--3-----,,-6.1169662,106.1518079,true
ID,SSN,Serdang,Serdang,SS,RL,-----6--,,-2.8333333333333335,106.45,
ID,SPG,Serpong,Serpong,JB,RL,--3-----,,-6.316666666666666,106.65,
ID,ZRI,"Serui, Irian Jaya","Serui, Irian Jaya",,QQ,---4----,,-1.8816647,136.2405546,true
ID,STN,Setagin,Setagin,,RL,1-------,,-3.283333333333333,116.16666666666667,
ID,STD,Setiabudi,Setiabudi,JB,RL,--3-----,,-6.2,106.81666666666666,
ID,SSI,Siak Sri Indrapura,Siak Sri Indrapura,,RL,--3-----,,0.7666666666666667,102.06666666666666,
ID,SIA,"Siak Yechil, Riau","Siak Yechil, Riau",,QQ,1-------,,0.87972,101.93111,true
ID,STR,Siantar,Siantar,SU,RL,--3-----,,1.9666666666666668,98.78333333333333,
ID,SIW,Sibisa,Sibisa,,AI,---4----,,2.6020374,98.96358379336243,true
ID,SLG,"Sibolga, Sumatra","Sibolga, Sumatra",,QQ,1-------,,1.736957,98.78461,true
ID,SID,Sidangoli,Sidangoli,MU,RL,1-3-----,,0.9,127.48333333333333,
ID,SDK,Sidikalang,Sidikalang,SU,RL,--3-----,,2.75,98.31666666666666,
ID,SDJ,Sidoarjo,Sidoarjo,JI,RQ,1-------,,-7.433829,112.673362,true
ID,SNG,Sinabang,Sinabang,,RL,1-3-----,,2.479474,96.3805931,true
ID,NKD,Sinak,Sinak,,AI,---4----,,-3.82224025,137.83970821848106,true
ID,SKW,"Singkawang, Kalimantan","Singkawang, Kalimantan",,QQ,1-------,,0.9069861,108.9889657,true
ID,SIQ,Singkep Isl Apt,Singkep Isl Apt,,QQ,---4----,,-0.46944,104.36278,true
ID,SIN,Singosari,Singosari,JI,RL,--3-----,,-7.883333333333333,112.68333333333334,
ID,SQG,Sintang,Sintang,,AI,---4----,,0.061651,111.4828467,true
ID,RKO,Sipora,Sipora,,AI,---4----,,-2.0666126,99.5977808,true
ID,SLE,Sleman,Sleman,YO,RL,--3-----,,-7.7,110.33333333333333,
ID,SLP,Slipi,Slipi,JB,RL,--3-----,,6.183333333333334,106.78333333333333,
ID,CGK,Soekarno-Hatta Apt/Jakarta,Soekarno-Hatta Apt/Jakarta,,AI,---4----,,,,
ID,SKK,Soengei Kolak,Soengei Kolak,,RQ,1-------,,,,
ID,SOC,Solo City,Solo City,,AI,---4----,,-7.70528,110.79889,true
ID,SQR,Soroako,Soroako,,AI,---4----,,-2.5624691,121.3993361,true
ID,SOQ,Sorong,Sorong,,AI,1--4----,,-0.8931468,131.28701517493656,true
ID,SRN,Sragen,Sragen,JT,RL,-----6--,,-7.433333333333334,111.03333333333333,
ID,ZKL,Steenkool,Steenkool,,AI,---4----,,,,
ID,SUA,Suaran,Suaran,KI,RQ,1-------,,2.05,117.7,
ID,SBM,Subaim,Subaim,MA,RQ,1-------,,1.1166666666666667,128.16666666666666,
ID,SBN,Subang,Subang,JB,RL,--3-----,,-6.55,107.75,
ID,SUK,Sukabumi,Sukabumi,,RQ,1-------,,-65.85,106.91666666666667,
ID,SKN,Sukatani,Sukatani,JB,RL,--3-----,,-6.4,107.85,
ID,SKD,Sukodono,Sukodono,JI,RL,--3-----,,-8.1,113.23333333333333,
ID,SUO,Sukoharjo,Sukoharjo,JT,RQ,-----6--,,-7.683333333333334,110.83333333333333,
ID,SKO,Sukolilo,Sukolilo,JI,RL,--3-----,,-7.95,112.75,
ID,TRA,Sumatra,Sumatra,,RL,-----6--,,0.1498584,102.8197858481398,true
ID,SWQ,Sumbawa,Sumbawa,,AI,1--4----,,-8.487249649999999,117.4110069953528,true
ID,5SU,Sumedang,Sumedang,JB,RL,--3-----,,-6.85,107.9,
ID,SUM,Sumenep,Sumenep,JI,RQ,1-------,,-7.05,113.95,
ID,SUP,"Sumenep, Madura","Sumenep, Madura",,AI,1--4----,,-7.02260615,113.88951144042919,true
ID,SKL,Sundakelapa,Sundakelapa,JK,RL,--3-----,,-6.1,106.78333333333333,
ID,SUG,"Sungai Gerong, Sumatra","Sungai Gerong, Sumatra",,QQ,1-------,,-3.1187678,102.2062239,true
ID,SUQ,"Sungai Guntung, Sumatra","Sungai Guntung, Sumatra",,QQ,1-------,,3.2718,99.5209,true
ID,SEQ,"Sungai Pakning, Sumatra","Sungai Pakning, Sumatra",,AI,1--4----,,1.3675938,102.13999915862043,true
ID,SUT,Sunter,Sunter,JK,RQ,--3-----,,-6.133333333333334,106.85,
ID,SUN,Sunut,Sunut,NB,RQ,1-------,,-8.866666666666667,116.55,
ID,SUB,Surabaya,Surabaya,JI,AI,123456--,,-7.233333333333333,112.75,
ID,SKT,Surakarta,Surakarta,,RL,--3-----,,-7.566666666666666,110.81666666666666,
ID,SUS,"Susoh, Sumatra","Susoh, Sumatra",,QQ,1-------,,3.7300413,96.81627467496705,true
ID,SSO,Susu,Susu,,RQ,1-------,,4.1193131,98.2151663,true
ID,TAB,Taboneo,Taboneo,KS,RQ,1-------,,-3.6833333333333336,114.41666666666667,
ID,TKN,Takengon,Takengon,AC,RL,--3-----,,4.633333333333333,96.83333333333333,
ID,TAX,"Taliabu Island Apt, Moluccas","Taliabu Island Apt, Moluccas",,AI,1--4----,,1.207511,104.566995,true
ID,TMC,Tambolaka,Tambolaka,,AI,---4----,,-9.41022695,119.24333706183089,true
ID,TMB,Tambora,Tambora,JK,RL,--3-----,,-6.133333333333334,106.8,
ID,TAM,Tambun,Tambun,JB,RQ,--3-----,,-6.233333333333333,106.93333333333334,
ID,TTR,Tana Toraja,Tana Toraja,,AI,---4----,,-3.04601045,119.82344862326204,true
ID,TNB,Tanah Grogot,Tanah Grogot,,AI,---4----,,-1.9138881,116.1980259,true
ID,TAL,Tanah Laut,Tanah Laut,KS,RQ,1-------,,-3.8440385,114.98885931183128,true
ID,TNN,Tanahabang,Tanahabang,JB,RL,--3-----,,-6.183333333333334,106.8,
ID,TNK,Tanahkuning,Tanahkuning,KI,RL,--3-----,,2.6166666666666667,117.78333333333333,
ID,TMH,"Tanahmerah, Kalimantan","Tanahmerah, Kalimantan",,QQ,---4----,,-3.444537,127.91596,true
ID,TND,Tandes,Tandes,JI,RL,--3-----,,-7.133333333333334,112.91666666666667,
ID,PDJ,Tandjang,Tandjang,,QQ,1-------,,,,
ID,TBT,"Tandjung Batu, Riau","Tandjung Batu, Riau",,QQ,1-------,,0.3002,100.6045,true
ID,TRG,Tangerang,Tangerang,BT,RL,--3-----,,-6.166666666666667,106.61666666666666,
ID,TGK,Tangkiang,Tangkiang,BT,RL,--3-----,,-1.2,122.63333333333334,
ID,TJU,Tanjung Balai,Tanjung Balai,SU,AM,--3-----,,2.966666666666667,99.8,
ID,TBA,"Tanjung Bara, Kl","Tanjung Bara, Kl",,RQ,0-------,,0.91667,104.45833,true
ID,TBU,Tanjung Buli,Tanjung Buli,MA,RQ,1-------,,0.8333333333333334,128.25,
ID,TME,Tanjung Merangas,Tanjung Merangas,KI,RQ,1-------,,0.03333333333333333,117.51666666666667,
ID,TJQ,Tanjung Pandan,Tanjung Pandan,SS,AI,1-34----,,-2.75,107.65,
ID,TPN,Tanjung Pemancingan,Tanjung Pemancingan,KS,RQ,1-------,,-3.183333333333333,116.26666666666667,
ID,TPP,Tanjung Priok,Tanjung Priok,JK,RL,--3-----,,-6.1,106.88333333333334,
ID,TSX,Tanjung Santan,Tanjung Santan,,AI,---4----,,-2.752473,107.641823,true
ID,TSE,"Tanjung Sekong, Jv","Tanjung Sekong, Jv",,RQ,1-------,,2.94662,99.77449,true
ID,TJS,Tanjung Selor,Tanjung Selor,,AI,---4----,,2.83771095,117.37407257435112,true
ID,ITN,Tanjung Uban,Tanjung Uban,RI,RL,-----6--,,-1.05,104.23333333333333,
ID,TJG,Tanjung Warukin,Tanjung Warukin,,AI,---4----,,2.83771095,117.37407257435112,true
ID,TJB,Tanjungbalai,Tanjungbalai,KR,RL,1--45---,,1,103.43333333333334,
ID,TJT,Tanjungbatu,Tanjungbatu,KI,RL,--3-----,,2.283333333333333,118.08333333333333,
ID,TMJ,Tanjungmorawa,Tanjungmorawa,SU,RL,--3-----,,3.5166666666666666,98.81666666666666,
ID,TNJ,Tanjungpinang,Tanjungpinang,KR,AI,1--4----,,0.9166666666666666,104.45,
ID,TAN,Tanjunguban,Tanjunguban,,RL,1-3-----,,1.05,104.23333333333333,
ID,TPK,"Tapaktuan, Sumatra","Tapaktuan, Sumatra",,QQ,---4----,,3.257818,97.1807014,true
ID,TRH,Tarahan,Tarahan,LA,RL,1-3-----,,-5.566666666666666,105.36666666666666,
ID,TRK,"Tarakan, Kalimantan","Tarakan, Kalimantan",,QQ,1-------,,3.3000169,117.6330159,true
ID,TAR,Tarjun,Tarjun,KS,RQ,1-------,,-3.2666666666666666,116.08333333333333,
ID,TRT,Tarutung,Tarutung,SA,RL,--3-----,,2.0166666666666666,98.96666666666667,
ID,TSY,Tasikmalaya,Tasikmalaya,,AI,---4----,,-7.3486486,108.24869414777298,true
ID,TWG,Tawangsari,Tawangsari,JT,RL,-----6--,,-7.283333333333333,110.55,
ID,TTI,Tebingtinggi,Tebingtinggi,,RL,--3-----,,0.818454,102.44751,true
ID,TEG,"Tegal, Java","Tegal, Java",,QQ,1-------,,-6.8674488,109.1378271,true
ID,TGL,Tegalalur,Tegalalur,JB,RL,--3-----,,-6.1,106.7,
ID,TKA,"Telok Ayer, Kalimantan","Telok Ayer, Kalimantan",,QQ,1-------,,-3.2,108.06667,true
ID,TMO,Telok Melano,Telok Melano,,QQ,1-------,,2.92438,117.45723,true
ID,TBG,"Teluk Betung, Sumatra","Teluk Betung, Sumatra",,QQ,1-------,,-2.6566288,104.3293273,true
ID,TBR,Telukbayur,Telukbayur,SB,RL,1-3-----,,-1,100.36666666666666,
ID,MGG,Temanggung,Temanggung,JT,RL,-----6--,,-7.3,110.16666666666667,
ID,TIM,Tembagapura,Tembagapura,,AI,---4----,,-4.1424056,137.0906667,true
ID,TBH,Tembilahan,Tembilahan,RI,RL,--3-----,,-0.31666666666666665,103.15,
ID,TXM,Teminabuan,Teminabuan,,AI,---4----,,-1.44543095,132.0209468356918,true
ID,TRS,Teras,Teras,JT,RL,--3-----,,-7.533333333333333,110.65,
ID,TER,Terempa,Terempa,RI,RQ,1-------,,3.216666666666667,106.21666666666667,
ID,TTE,"Ternate, Halmahera","Ternate, Halmahera",,AI,1--4----,,0.8311787500000001,127.38087456611015,true
ID,TMK,Timika,Timika,PA,RQ,1-------,,-4.75,136.55,
ID,TMY,Tiom,Tiom,,AI,---4----,,-3.92585475,138.45601242309863,true
ID,TBO,Tobelo,Tobelo,,RL,1-------,,1.726284,127.9999457,true
ID,TBL,Toboali,Toboali,SS,RL,1-------,,-3,106.5,
ID,TLI,Tolitoli,Tolitoli,,AI,1--4----,,1.2418986,121.07610206081651,true
ID,5TR,Trenggalek,Trenggalek,JI,RL,--3-----,,-8.05,111.71666666666667,
ID,TRO,Trosobo,Trosobo,JI,RL,--3-----,,-7.366666666666666,112.63333333333334,
ID,TUA,Tual,Tual,MA,RQ,1-------,,-5.633333333333333,132.73333333333332,
ID,TBN,"Tuban, Jv","Tuban, Jv",,RQ,1-------,,-6.8962656,112.0650714,true
ID,TLU,Tulungagung,Tulungagung,JI,RL,-23-----,,-8.666666666666666,111.9,
ID,TBM,Tumbang Samba,Tumbang Samba,,AI,---4----,,-0.96667,112.45,true
ID,UBR,Ubrub,Ubrub,,AI,---4----,,-3.67572165,140.88441053702942,true
ID,UBG,Ubrug,Ubrug,JB,RL,--3-----,,-6.95,106.73333333333333,
ID,UDG,Udang Natuna Terminal,Udang Natuna Terminal,,RL,1-------,,4.016666666666667,106.46666666666667,
ID,UPG,"Ujung Pandang, Sulawesi","Ujung Pandang, Sulawesi",,AI,1--45---,,0.7801882,112.4996583,true
ID,WET,Wagethe,Wagethe,,AI,---4----,,,,
ID,WBA,Wahai,Wahai,,AI,---4----,,-2.8114998,129.4855084818511,true
ID,WGP,"Waingapu, Sumba","Waingapu, Sumba",NT,AI,1--4----,,-9.65,120.26666666666667,
ID,WAI,Wainibe,Wainibe,MA,RQ,1-------,,-3.066666666666667,126.53333333333333,
ID,6DI,Wajo,Wajo,SN,RL,--3-----,,-4.1,120.11666666666666,
ID,WMX,Wamena,Wamena,,AI,---4----,,-4.09665775,138.95220458580468,true
ID,WSS,Wamsasi,Wamsasi,MA,RQ,1-------,,-3.5666666666666664,126.16666666666667,
ID,WAH,Wanaherang,Wanaherang,JB,RL,--3-----,,-6.416666666666667,106.93333333333334,
ID,WAN,Wanam,Wanam,PB,RQ,1-------,,-7.55,139.1,
ID,WAR,Waris,Waris,,AI,---4----,,-3.2267362,140.9803772,true
ID,WRU,Waru,Waru,JB,RL,--3-----,,-6.183333333333334,106.4,
ID,WNG,Warunggunung,Warunggunung,JB,RL,--3-----,,-6.333333333333333,106.18333333333334,
ID,WJB,Warungjambu,Warungjambu,JB,RL,--3-----,,-6.466666666666667,106.78333333333333,
ID,WSR,Wasior,Wasior,,AI,---4----,,-2.7193901499999997,134.50590705997075,true
ID,WED,Weda,Weda,MA,RQ,1-------,,0.3333333333333333,127.88333333333334,
ID,WID,Widuri,Widuri,,RQ,------7-,,-4.666666666666667,106.65,
ID,WNR,Wonogiri,Wonogiri,JT,RL,--3-----,,-7.816666666666666,110.91666666666667,
ID,WON,Wonosari,Wonosari,,RQ,--3-----,,-7.9647903,110.6019278,true
ID,WNB,Wonosobo,Wonosobo,JT,RL,-----6--,,-7.366666666666666,109.9,
ID,WRI,Wringinanom,Wringinanom,JI,RL,--3-----,,-7.383333333333334,112.51666666666667,
ID,JOG,Yogyakarta,Yogyakarta,YO,AI,-234-6--,,-7.8,110.36666666666666,
ID,RUF,Yuruf,Yuruf,,AI,---4----,,-3.6333301,140.9329987,true
ID,UGU,Zugapa,Zugapa,,AI,---4----,,,,